Headline,Content,Author,Date Posted,Reported By
title,content kjl,TestUser,2020-01-02 06:23:30.121036+00:00,Anshal
anshal,ansjka,TestUser,2020-01-02 06:24:17.229329+00:00,Anshal
title,content kjl,TestUser,2020-01-02 06:23:30.121036+00:00,Anshal
title,content kjl,TestUser,2020-01-02 06:23:30.121036+00:00,Anshal
anshal,ansjka,TestUser,2020-01-02 06:24:17.229329+00:00,Anshal
This is to test like functionality,this is to test like functionality,Anshal,2020-01-03 15:23:06.276305+00:00,TestUser
Blog post 2!!,Second blog content!!,Anshal,2020-01-02 10:40:13+00:00,TestUser
This is to test like functionality,this is to test like functionality,Anshal,2020-01-03 15:23:06.276305+00:00,TestUser
2,2,string,2020-01-08 09:08:00.521822+00:00,Anshal
Testing 1,Testing ,Anshal,2020-01-08 13:22:37.886686+00:00,string
khvcj,ljkgvh,string,2020-01-08 16:29:35.403990+00:00,Anshal
loiho,jklb,string,2020-01-08 16:29:27.713245+00:00,Anshal
Testing 1,Testing ,Anshal,2020-01-08 13:22:37.886686+00:00,New
